id,application_date,tot_claim_cnt_l180d,tot_claim_cnt_l360d,disb_bank_loan_wo_tbc,day_sinlastloan
2925210,2024-02-12 19:22:46.652000+00:00,-3,-3,-3,-3
2925211,2024-02-12 19:24:29.135000+00:00,0,5,0,427
2925212,2024-02-12 19:24:41.493000+00:00,-3,-3,-3,-3
2925213,2024-02-12 19:24:29.135000+00:00,0,5,0,427
2925214,2024-02-12 19:24:56.857000+00:00,-3,-3,-3,-3
2925215,2024-02-12 19:25:10.176000+00:00,0,5,0,427
2925216,2024-02-12 19:25:10.176000+00:00,0,5,0,427
2925217,2024-02-12 19:39:43.431000+00:00,-3,-3,-3,-3
2925218,2024-02-12 19:40:15.507000+00:00,0,6,-1,288
2925219,2024-02-12 19:40:21.729000+00:00,-3,-3,-3,-3
2925220,2024-02-12 19:40:15.507000+00:00,0,6,-1,288
2925221,2024-02-12 19:40:33.233000+00:00,-3,-3,-3,-3
2925222,2024-02-12 19:40:43.421000+00:00,0,6,-1,288
2925223,2024-02-12 19:40:45.689000+00:00,-3,-3,-3,-3
2925224,2024-02-12 19:40:43.421000+00:00,0,6,-1,288
2925225,2024-02-12 19:40:59.168000+00:00,-3,-3,-3,-3
2925226,2024-02-12 19:42:17.995000+00:00,-3,-3,-3,-3
2925227,2024-02-12 19:42:18.189000+00:00,0,6,-1,288
2925228,2024-02-12 19:42:18.189000+00:00,0,6,-1,288
2925229,2024-02-12 19:42:41.931000+00:00,-3,-3,-3,-3
2925230,2024-02-13 03:24:50.390000+00:00,-3,-3,-3,-3
2925231,2024-02-13 03:25:23.976000+00:00,0,2,2537851751,170
2925232,2024-02-13 03:25:23.976000+00:00,0,2,2537851751,170
2925233,2024-02-13 03:40:58.283000+00:00,-3,-3,-3,-3
2925234,2024-02-13 03:41:40.303000+00:00,0,3,-1,-1
2925235,2024-02-13 03:41:48.786000+00:00,-3,-3,-3,-3
2925236,2024-02-13 03:41:40.303000+00:00,0,3,-1,-1
2925237,2024-02-13 03:41:59.906000+00:00,-3,-3,-3,-3
2925238,2024-02-13 03:42:10.012000+00:00,0,3,-1,-1
2925239,2024-02-13 03:42:11.371000+00:00,-3,-3,-3,-3
2925240,2024-02-13 03:42:10.012000+00:00,0,3,-1,-1
2925241,2024-02-13 03:42:24.408000+00:00,-3,-3,-3,-3
2925242,2024-02-13 03:50:40.478000+00:00,-3,-3,-3,-3
2925243,2024-02-13 03:51:23.602000+00:00,0,3,559300000,158
2925244,2024-02-13 03:51:23.602000+00:00,0,3,559300000,158
2925245,2024-02-13 03:55:10.577000+00:00,-3,-3,-3,-3
2925246,2024-02-13 03:55:31.382000+00:00,0,3,-1,-1
2925247,2024-02-13 03:55:31.382000+00:00,0,3,-1,-1
2925248,2024-02-13 03:55:54.423000+00:00,-3,-3,-3,-3
2925249,2024-02-13 04:03:40.348000+00:00,-3,-3,-3,-3
2925250,2024-02-13 04:04:11.928000+00:00,0,4,2176827289,38
2925251,2024-02-13 04:04:27.339000+00:00,-3,-3,-3,-3
2925252,2024-02-13 04:04:11.928000+00:00,0,4,2176827289,38
2925253,2024-02-13 04:04:41.142000+00:00,-3,-3,-3,-3
2925254,2024-02-13 04:05:02.726000+00:00,0,4,2176827289,38
2925255,2024-02-13 04:05:07.754000+00:00,-3,-3,-3,-3
2925256,2024-02-13 04:05:02.726000+00:00,0,4,2176827289,38
2925257,2024-02-13 04:05:50.098000+00:00,-3,-3,-3,-3
2925258,2024-02-13 04:05:56.254000+00:00,-3,-3,-3,-3
2925259,2024-02-13 04:05:50.098000+00:00,-3,-3,-3,-3
2925260,2024-02-13 04:06:07.770000+00:00,-3,-3,-3,-3
2925261,2024-02-13 04:06:17.769000+00:00,-3,-3,-3,-3
2925262,2024-02-13 04:06:17.769000+00:00,-3,-3,-3,-3
2925263,2024-02-13 04:08:36.805000+00:00,-3,-3,-3,-3
2925264,2024-02-13 04:09:08.616000+00:00,-3,-3,-3,-3
2925265,2024-02-13 04:09:14.808000+00:00,-3,-3,-3,-3
2925266,2024-02-13 04:09:08.616000+00:00,-3,-3,-3,-3
2925267,2024-02-13 04:09:25.624000+00:00,-3,-3,-3,-3
2925268,2024-02-13 04:09:38.451000+00:00,-3,-3,-3,-3
2925269,2024-02-13 04:09:40.335000+00:00,-3,-3,-3,-3
2925270,2024-02-13 04:09:38.451000+00:00,-3,-3,-3,-3
2925271,2024-02-13 04:10:32.458000+00:00,-3,-3,-3,-3
2925272,2024-02-13 04:10:32.739000+00:00,-3,-3,-3,-3
2925273,2024-02-13 04:10:32.739000+00:00,-3,-3,-3,-3
2925274,2024-02-13 04:10:44.133000+00:00,-3,-3,-3,-3
2925275,2024-02-13 04:10:58.153000+00:00,-3,-3,-3,-3
2925276,2024-02-13 04:11:15.752000+00:00,0,0,9905106700,69
2925277,2024-02-13 04:11:15.752000+00:00,0,0,9905106700,69
2925278,2024-02-13 04:12:16.089000+00:00,-3,-3,-3,-3
2925279,2024-02-13 04:12:47.725000+00:00,0,2,1421662913,15
2925280,2024-02-13 04:12:57.565000+00:00,-3,-3,-3,-3
2925281,2024-02-13 04:12:47.725000+00:00,0,2,1421662913,15
2925282,2024-02-13 04:13:12.467000+00:00,-3,-3,-3,-3
2925283,2024-02-13 04:13:25.785000+00:00,0,2,1421662913,15
2925284,2024-02-13 04:13:25.785000+00:00,0,2,1421662913,15
2925285,2024-02-13 04:16:00.661000+00:00,-3,-3,-3,-3
2925286,2024-02-13 04:16:32.527000+00:00,-3,-3,-3,-3
2925287,2024-02-13 04:16:47.122000+00:00,-3,-3,-3,-3
2925288,2024-02-13 04:16:32.527000+00:00,-3,-3,-3,-3
2925289,2024-02-13 04:17:24.444000+00:00,-3,-3,-3,-3
2925290,2024-02-13 04:17:26.002000+00:00,-3,-3,-3,-3
2925291,2024-02-13 04:17:28.722000+00:00,0,0,233087600,141
2925292,2024-02-13 04:17:29.724000+00:00,-3,-3,-3,-3
2925293,2024-02-13 04:17:28.722000+00:00,0,0,233087600,141
2925294,2024-02-13 04:17:40.880000+00:00,-3,-3,-3,-3
2925295,2024-02-13 04:17:53.246000+00:00,0,0,233087600,141
2925296,2024-02-13 04:17:56.735000+00:00,-3,-3,-3,-3
2925297,2024-02-13 04:17:56.931000+00:00,-3,-3,-3,-3
2925298,2024-02-13 04:17:57.561000+00:00,0,1,300000000,19
2925299,2024-02-13 04:18:01.386000+00:00,-3,-3,-3,-3
2925300,2024-02-13 04:17:53.246000+00:00,0,0,233087600,141
2925301,2024-02-13 04:18:04.989000+00:00,-3,-3,-3,-3
2925302,2024-02-13 04:18:08.711000+00:00,-3,-3,-3,-3
2925303,2024-02-13 04:17:56.735000+00:00,-3,-3,-3,-3
2925304,2024-02-13 04:18:12.196000+00:00,-3,-3,-3,-3
2925305,2024-02-13 04:17:57.561000+00:00,0,1,300000000,19
2925306,2024-02-13 04:18:18.516000+00:00,-3,-3,-3,-3
2925307,2024-02-13 04:18:23.176000+00:00,-3,-3,-3,-3
2925308,2024-02-13 04:18:24.316000+00:00,-3,-3,-3,-3
2925309,2024-02-13 04:18:23.176000+00:00,-3,-3,-3,-3
2925310,2024-02-13 04:18:36.233000+00:00,-3,-3,-3,-3
2925311,2024-02-13 04:18:38.398000+00:00,0,2,-1,-1
2925312,2024-02-13 04:18:41.623000+00:00,0,1,300000000,19
2925313,2024-02-13 04:18:42.069000+00:00,-3,-3,-3,-3
2925314,2024-02-13 04:18:38.398000+00:00,0,2,-1,-1
2925315,2024-02-13 04:18:52.472000+00:00,-3,-3,-3,-3
2925316,2024-02-13 04:18:41.623000+00:00,0,1,300000000,19
2925317,2024-02-13 04:19:00.761000+00:00,-3,-3,-3,-3
2925318,2024-02-13 04:19:07.049000+00:00,-3,-3,-3,-3
2925319,2024-02-13 04:19:14.616000+00:00,0,2,-1,-1
2925320,2024-02-13 04:19:00.761000+00:00,-3,-3,-3,-3
2925321,2024-02-13 04:19:17.690000+00:00,-3,-3,-3,-3
2925322,2024-02-13 04:19:14.616000+00:00,0,2,-1,-1
2925323,2024-02-13 04:19:38.945000+00:00,-3,-3,-3,-3
2925324,2024-02-13 04:19:38.945000+00:00,-3,-3,-3,-3
2925325,2024-02-13 04:19:51.665000+00:00,-3,-3,-3,-3
2925326,2024-02-13 04:20:24.691000+00:00,0,0,-1,-1
2925327,2024-02-13 04:20:28.238000+00:00,-3,-3,-3,-3
2925328,2024-02-13 04:20:33.125000+00:00,-3,-3,-3,-3
2925329,2024-02-13 04:20:24.691000+00:00,0,0,-1,-1
2925330,2024-02-13 04:20:39.235000+00:00,-3,-3,-3,-3
2925331,2024-02-13 04:20:50.741000+00:00,0,0,-1,-1
2925332,2024-02-13 04:20:50.741000+00:00,0,0,-1,-1
2925333,2024-02-13 04:21:14.833000+00:00,0,1,0,1730
2925334,2024-02-13 04:21:27.925000+00:00,-3,-3,-3,-3
2925335,2024-02-13 04:21:14.833000+00:00,0,1,0,1730
2925336,2024-02-13 04:21:35.335000+00:00,-3,-3,-3,-3
2925337,2024-02-13 04:21:46.892000+00:00,-3,-3,-3,-3
2925338,2024-02-13 04:21:47.118000+00:00,-3,-3,-3,-3
2925339,2024-02-13 04:21:47.118000+00:00,-3,-3,-3,-3
2925340,2024-02-13 04:22:06.863000+00:00,0,2,0,726
2925341,2024-02-13 04:22:12.238000+00:00,-3,-3,-3,-3
2925342,2024-02-13 04:22:14.202000+00:00,-3,-3,-3,-3
2925343,2024-02-13 04:22:19.610000+00:00,-3,-3,-3,-3
2925344,2024-02-13 04:22:06.863000+00:00,0,2,0,726
2925345,2024-02-13 04:22:25.909000+00:00,-3,-3,-3,-3
2925346,2024-02-13 04:22:26.367000+00:00,-3,-3,-3,-3
2925347,2024-02-13 04:22:19.610000+00:00,-3,-3,-3,-3
2925348,2024-02-13 04:22:36.953000+00:00,-3,-3,-3,-3
2925349,2024-02-13 04:22:47.668000+00:00,-3,-3,-3,-3
2925350,2024-02-13 04:22:47.766000+00:00,0,2,0,726
2925351,2024-02-13 04:22:48.842000+00:00,-3,-3,-3,-3
2925352,2024-02-13 04:22:47.766000+00:00,0,2,0,726
2925353,2024-02-13 04:22:47.668000+00:00,-3,-3,-3,-3
2925354,2024-02-13 04:23:00.689000+00:00,-3,-3,-3,-3
2925355,2024-02-13 04:24:34.247000+00:00,-3,-3,-3,-3
2925356,2024-02-13 04:24:34.488000+00:00,-3,-3,-3,-3
2925357,2024-02-13 04:24:34.488000+00:00,-3,-3,-3,-3
2925358,2024-02-13 04:25:01.912000+00:00,-3,-3,-3,-3
2925359,2024-02-13 04:27:08.410000+00:00,-3,-3,-3,-3
2925360,2024-02-13 04:27:50.151000+00:00,0,1,-1,-1
2925361,2024-02-13 04:27:57.201000+00:00,-3,-3,-3,-3
2925362,2024-02-13 04:27:50.151000+00:00,0,1,-1,-1
2925363,2024-02-13 04:28:07.926000+00:00,-3,-3,-3,-3
2925364,2024-02-13 04:28:29.262000+00:00,0,1,-1,-1
2925365,2024-02-13 04:28:35.758000+00:00,-3,-3,-3,-3
2925366,2024-02-13 04:28:29.262000+00:00,0,1,-1,-1
2925367,2024-02-13 04:29:00.520000+00:00,-3,-3,-3,-3
2925368,2024-02-13 04:29:07.843000+00:00,-3,-3,-3,-3
2925369,2024-02-13 04:29:13.698000+00:00,-3,-3,-3,-3
2925370,2024-02-13 04:29:07.843000+00:00,-3,-3,-3,-3
2925371,2024-02-13 04:29:24.720000+00:00,-3,-3,-3,-3
2925372,2024-02-13 04:29:37.337000+00:00,-3,-3,-3,-3
2925373,2024-02-13 04:29:43.968000+00:00,-3,-3,-3,-3
2925374,2024-02-13 04:29:37.337000+00:00,-3,-3,-3,-3
2925375,2024-02-13 04:29:43.968000+00:00,-3,-3,-3,-3
2925376,2024-02-13 04:31:07.039000+00:00,-3,-3,-3,-3
2925377,2024-02-13 04:31:49.036000+00:00,-3,-3,-3,-3
2925378,2024-02-13 04:31:54.262000+00:00,-3,-3,-3,-3
2925379,2024-02-13 04:31:49.036000+00:00,-3,-3,-3,-3
2925380,2024-02-13 04:32:05.836000+00:00,-3,-3,-3,-3
2925381,2024-02-13 04:32:21.395000+00:00,-3,-3,-3,-3
2925382,2024-02-13 04:32:27.973000+00:00,-3,-3,-3,-3
2925383,2024-02-13 04:32:27.973000+00:00,-3,-3,-3,-3
2925384,2024-02-13 04:32:55.966000+00:00,0,0,10308484000,22
2925385,2024-02-13 04:32:55.966000+00:00,0,0,10308484000,22
2925386,2024-02-13 04:35:26.297000+00:00,-3,-3,-3,-3
2925387,2024-02-13 04:35:35.119000+00:00,-3,-3,-3,-3
2925388,2024-02-13 04:35:57.698000+00:00,0,3,3225259367,173
2925389,2024-02-13 04:36:05.736000+00:00,-3,-3,-3,-3
2925390,2024-02-13 04:36:06.350000+00:00,-3,-3,-3,-3
2925391,2024-02-13 04:36:10.684000+00:00,-3,-3,-3,-3
2925392,2024-02-13 04:35:57.698000+00:00,0,3,3225259367,173
2925393,2024-02-13 04:36:17.946000+00:00,-3,-3,-3,-3
2925394,2024-02-13 04:36:06.350000+00:00,-3,-3,-3,-3
2925395,2024-02-13 04:36:21.441000+00:00,-3,-3,-3,-3
2925396,2024-02-13 04:36:27.640000+00:00,0,3,3225259367,173
2925397,2024-02-13 04:36:33.583000+00:00,-3,-3,-3,-3
2925398,2024-02-13 04:36:27.640000+00:00,0,3,3225259367,173
2925399,2024-02-13 04:36:33.583000+00:00,-3,-3,-3,-3
2925400,2024-02-13 04:38:19.146000+00:00,-3,-3,-3,-3
2925401,2024-02-13 04:38:24.517000+00:00,-3,-3,-3,-3
2925402,2024-02-13 04:38:56.269000+00:00,0,2,0,993
2925403,2024-02-13 04:39:00.502000+00:00,0,2,28399988003,888
2925404,2024-02-13 04:39:03.815000+00:00,-3,-3,-3,-3
2925405,2024-02-13 04:39:06.718000+00:00,-3,-3,-3,-3
2925406,2024-02-13 04:38:56.269000+00:00,0,2,0,993
2925407,2024-02-13 04:39:16.085000+00:00,-3,-3,-3,-3
2925408,2024-02-13 04:39:00.502000+00:00,0,2,28399988003,888
2925409,2024-02-13 04:39:17.280000+00:00,-3,-3,-3,-3
2925410,2024-02-13 04:39:19.772000+00:00,-3,-3,-3,-3
2925411,2024-02-13 04:39:27.271000+00:00,0,2,0,993
2925412,2024-02-13 04:39:30.198000+00:00,-3,-3,-3,-3
2925413,2024-02-13 04:39:34.629000+00:00,0,2,28399988003,888
2925414,2024-02-13 04:39:39.036000+00:00,-3,-3,-3,-3
2925415,2024-02-13 04:39:27.271000+00:00,0,2,0,993
2925416,2024-02-13 04:39:43.633000+00:00,-3,-3,-3,-3
2925417,2024-02-13 04:39:34.629000+00:00,0,2,28399988003,888
2925418,2024-02-13 04:39:59.240000+00:00,0,0,389592220,471
2925419,2024-02-13 04:40:09.678000+00:00,-3,-3,-3,-3
2925420,2024-02-13 04:39:59.240000+00:00,0,0,389592220,471
2925421,2024-02-13 04:40:20.570000+00:00,0,2,8065950137,123
2925422,2024-02-13 04:40:22.723000+00:00,-3,-3,-3,-3
2925423,2024-02-13 04:40:37.598000+00:00,0,0,389592220,471
2925424,2024-02-13 04:40:20.570000+00:00,0,2,8065950137,123
2925425,2024-02-13 04:40:39.708000+00:00,-3,-3,-3,-3
2925426,2024-02-13 04:40:37.598000+00:00,0,0,389592220,471
2925427,2024-02-13 04:40:51.745000+00:00,-3,-3,-3,-3
2925428,2024-02-13 04:41:03.417000+00:00,-3,-3,-3,-3
2925429,2024-02-13 04:41:34.901000+00:00,0,1,-1,700
2925430,2024-02-13 04:41:34.901000+00:00,0,1,-1,700
2925431,2024-02-13 04:45:09.620000+00:00,-3,-3,-3,-3
2925432,2024-02-13 04:45:20.412000+00:00,0,0,389592220,471
2925433,2024-02-13 04:45:20.412000+00:00,0,0,389592220,471
2925434,2024-02-13 04:45:42.782000+00:00,-3,-3,-3,-3
2925435,2024-02-13 04:46:05.619000+00:00,-3,-3,-3,-3
2925436,2024-02-13 04:46:14.687000+00:00,0,3,700000000,6
2925437,2024-02-13 04:46:21.669000+00:00,-3,-3,-3,-3
2925438,2024-02-13 04:46:14.687000+00:00,0,3,700000000,6
2925439,2024-02-13 04:46:32.578000+00:00,-3,-3,-3,-3
2925440,2024-02-13 04:46:43.913000+00:00,0,3,700000000,6
2925441,2024-02-13 04:46:46.182000+00:00,-3,-3,-3,-3
2925442,2024-02-13 04:46:43.913000+00:00,0,3,700000000,6
2925443,2024-02-13 04:47:28.550000+00:00,0,4,4348396530,159
2925444,2024-02-13 04:47:42.914000+00:00,-3,-3,-3,-3
2925445,2024-02-13 04:48:14.541000+00:00,0,1,8150077272,281
2925446,2024-02-13 04:48:19.288000+00:00,-3,-3,-3,-3
2925447,2024-02-13 04:48:14.541000+00:00,0,1,8150077272,281
2925448,2024-02-13 04:48:30.934000+00:00,-3,-3,-3,-3
2925449,2024-02-13 04:48:42.392000+00:00,0,1,8150077272,281
2925450,2024-02-13 04:48:51.135000+00:00,-3,-3,-3,-3
2925451,2024-02-13 04:48:42.392000+00:00,0,1,8150077272,281
2925452,2024-02-13 04:47:28.550000+00:00,0,4,4348396530,159
2925453,2024-02-13 04:49:18.909000+00:00,-3,-3,-3,-3
2925454,2024-02-13 04:49:20.691000+00:00,-3,-3,-3,-3
2925455,2024-02-13 04:49:21.261000+00:00,-3,-3,-3,-3
2925456,2024-02-13 04:49:22.653000+00:00,0,4,1000000000,4
2925457,2024-02-13 04:49:27.749000+00:00,-3,-3,-3,-3
2925458,2024-02-13 04:49:22.653000+00:00,0,4,1000000000,4
2925459,2024-02-13 04:49:38.938000+00:00,-3,-3,-3,-3
2925460,2024-02-13 04:49:49.027000+00:00,0,4,1000000000,4
2925461,2024-02-13 04:49:50.802000+00:00,-3,-3,-3,-3
2925462,2024-02-13 04:49:52.741000+00:00,0,0,-1,-1
2925463,2024-02-13 04:50:00.288000+00:00,-3,-3,-3,-3
2925464,2024-02-13 04:50:00.491000+00:00,0,2,307403141,125
2925465,2024-02-13 04:50:01.966000+00:00,0,2,-1,-1
2925466,2024-02-13 04:49:49.027000+00:00,0,4,1000000000,4
2925467,2024-02-13 04:50:03.984000+00:00,-3,-3,-3,-3
2925468,2024-02-13 04:49:52.741000+00:00,0,0,-1,-1
2925469,2024-02-13 04:50:11.415000+00:00,-3,-3,-3,-3
2925470,2024-02-13 04:50:13.139000+00:00,-3,-3,-3,-3
2925471,2024-02-13 04:50:13.503000+00:00,-3,-3,-3,-3
2925472,2024-02-13 04:50:00.491000+00:00,0,2,307403141,125
2925473,2024-02-13 04:50:01.966000+00:00,0,2,-1,-1
2925474,2024-02-13 04:50:24.506000+00:00,-3,-3,-3,-3
2925475,2024-02-13 04:50:24.940000+00:00,-3,-3,-3,-3
2925476,2024-02-13 04:50:37.021000+00:00,0,2,307403141,125
2925477,2024-02-13 04:50:44.200000+00:00,0,0,-1,-1
2925478,2024-02-13 04:50:37.021000+00:00,0,2,307403141,125
2925479,2024-02-13 04:50:44.200000+00:00,0,0,-1,-1
2925480,2024-02-13 04:50:57.645000+00:00,0,2,-1,-1
2925481,2024-02-13 04:51:05.145000+00:00,-3,-3,-3,-3
2925482,2024-02-13 04:50:57.645000+00:00,0,2,-1,-1
2925483,2024-02-13 04:51:19.872000+00:00,-3,-3,-3,-3
2925484,2024-02-13 04:51:36.898000+00:00,0,0,-1,187
2925485,2024-02-13 04:51:36.898000+00:00,0,0,-1,187
2925486,2024-02-13 04:52:01.398000+00:00,0,2,3767550595,369
2925487,2024-02-13 04:52:03.602000+00:00,-3,-3,-3,-3
2925488,2024-02-13 04:52:07.147000+00:00,-3,-3,-3,-3
2925489,2024-02-13 04:52:11.617000+00:00,-3,-3,-3,-3
2925490,2024-02-13 04:52:01.398000+00:00,0,2,3767550595,369
2925491,2024-02-13 04:52:18.517000+00:00,-3,-3,-3,-3
2925492,2024-02-13 04:52:35.289000+00:00,0,0,1374999700,156
2925493,2024-02-13 04:52:40.644000+00:00,0,2,3767550595,369
2925494,2024-02-13 04:52:42.262000+00:00,-3,-3,-3,-3
2925495,2024-02-13 04:52:42.959000+00:00,0,4,431182433,299
2925496,2024-02-13 04:52:49.197000+00:00,-3,-3,-3,-3
2925497,2024-02-13 04:52:40.644000+00:00,0,2,3767550595,369
2925498,2024-02-13 04:52:35.289000+00:00,0,0,1374999700,156
2925499,2024-02-13 04:52:53.813000+00:00,-3,-3,-3,-3
2925500,2024-02-13 04:52:42.959000+00:00,0,4,431182433,299
2925501,2024-02-13 04:52:59.357000+00:00,-3,-3,-3,-3
2925502,2024-02-13 04:53:00.347000+00:00,-3,-3,-3,-3
2925503,2024-02-13 04:53:11.954000+00:00,0,4,431182433,299
2925504,2024-02-13 04:53:15.811000+00:00,0,0,1374999700,156
2925505,2024-02-13 04:53:18.998000+00:00,-3,-3,-3,-3
2925506,2024-02-13 04:53:11.954000+00:00,0,4,431182433,299
2925507,2024-02-13 04:53:15.811000+00:00,0,0,1374999700,156
2925508,2024-02-13 04:53:41.149000+00:00,0,0,7045370606,553
2925509,2024-02-13 04:53:41.149000+00:00,0,0,7045370606,553
2925510,2024-02-13 04:54:10.776000+00:00,0,2,3692414810,106
2925511,2024-02-13 04:54:18.281000+00:00,-3,-3,-3,-3
2925512,2024-02-13 04:54:22.112000+00:00,-3,-3,-3,-3
2925513,2024-02-13 04:54:10.776000+00:00,0,2,3692414810,106
2925514,2024-02-13 04:54:49.641000+00:00,0,2,41667400,680
2925515,2024-02-13 04:55:03.845000+00:00,0,4,4348396530,159
2925516,2024-02-13 04:54:49.641000+00:00,0,2,41667400,680
2925517,2024-02-13 04:55:08.802000+00:00,-3,-3,-3,-3
2925518,2024-02-13 04:55:30.736000+00:00,-3,-3,-3,-3
2925519,2024-02-13 04:55:40.580000+00:00,-3,-3,-3,-3
2925520,2024-02-13 04:56:00.336000+00:00,0,0,0,1356
2925521,2024-02-13 04:56:12.376000+00:00,0,0,7045370606,553
2925522,2024-02-13 04:56:00.336000+00:00,0,0,0,1356
2925523,2024-02-13 04:56:21.891000+00:00,0,0,-1,-1
2925524,2024-02-13 04:56:12.376000+00:00,0,0,7045370606,553
2925525,2024-02-13 04:56:26.975000+00:00,-3,-3,-3,-3
2925526,2024-02-13 04:55:03.845000+00:00,0,4,4348396530,159
2925527,2024-02-13 04:56:21.891000+00:00,0,0,-1,-1
2925528,2024-02-13 04:56:38.133000+00:00,-3,-3,-3,-3
2925529,2024-02-13 04:56:39.453000+00:00,-3,-3,-3,-3
2925530,2024-02-13 04:56:49.252000+00:00,0,0,-1,-1
2925531,2024-02-13 04:56:49.845000+00:00,-3,-3,-3,-3
2925532,2024-02-13 04:56:49.943000+00:00,0,4,1000000000,4
2925533,2024-02-13 04:56:51.458000+00:00,-3,-3,-3,-3
2925534,2024-02-13 04:56:49.252000+00:00,0,0,-1,-1
2925535,2024-02-13 04:56:49.943000+00:00,0,4,1000000000,4
2925536,2024-02-13 04:57:03.464000+00:00,-3,-3,-3,-3
2925537,2024-02-13 04:57:18.656000+00:00,-3,-3,-3,-3
2925538,2024-02-13 04:57:31.286000+00:00,0,1,136001300,29
2925539,2024-02-13 04:57:35.923000+00:00,-3,-3,-3,-3
2925540,2024-02-13 04:57:31.286000+00:00,0,1,136001300,29
2925541,2024-02-13 04:57:46.854000+00:00,-3,-3,-3,-3
2925542,2024-02-13 04:57:57.911000+00:00,0,1,136001300,29
2925543,2024-02-13 04:57:57.911000+00:00,0,1,136001300,29
2925544,2024-02-13 04:58:45.818000+00:00,-3,-3,-3,-3
2925545,2024-02-13 04:59:17.213000+00:00,0,0,1008000000,113
2925546,2024-02-13 04:59:22.417000+00:00,-3,-3,-3,-3
2925547,2024-02-13 04:59:23.711000+00:00,-3,-3,-3,-3
2925548,2024-02-13 04:59:17.213000+00:00,0,0,1008000000,113
2925549,2024-02-13 04:59:36.393000+00:00,-3,-3,-3,-3
2925550,2024-02-13 04:59:47.582000+00:00,0,0,1008000000,113
2925551,2024-02-13 04:59:53.736000+00:00,0,1,0,309
2925552,2024-02-13 04:59:47.582000+00:00,0,0,1008000000,113
2925553,2024-02-13 04:59:53.736000+00:00,0,1,0,309
2925554,2024-02-13 05:01:23.897000+00:00,-3,-3,-3,-3
2925555,2024-02-13 05:01:31.328000+00:00,-3,-3,-3,-3
2925556,2024-02-13 05:01:55.312000+00:00,-3,-3,-3,-3
2925557,2024-02-13 05:02:01.798000+00:00,-3,-3,-3,-3
2925558,2024-02-13 05:02:02.608000+00:00,0,1,-1,-1
2925559,2024-02-13 05:02:07.174000+00:00,-3,-3,-3,-3
2925560,2024-02-13 05:01:55.312000+00:00,-3,-3,-3,-3
2925561,2024-02-13 05:02:13.343000+00:00,-3,-3,-3,-3
2925562,2024-02-13 05:02:02.608000+00:00,0,1,-1,-1
2925563,2024-02-13 05:02:17.847000+00:00,-3,-3,-3,-3
2925564,2024-02-13 05:02:28.787000+00:00,0,1,-1,-1
2925565,2024-02-13 05:02:35.270000+00:00,-3,-3,-3,-3
2925566,2024-02-13 05:02:28.787000+00:00,0,1,-1,-1
2925567,2024-02-13 05:02:35.270000+00:00,-3,-3,-3,-3
2925568,2024-02-13 05:05:04.543000+00:00,-3,-3,-3,-3
2925569,2024-02-13 05:05:19.424000+00:00,-3,-3,-3,-3
2925570,2024-02-13 05:05:25.573000+00:00,0,3,3225259367,173
2925571,2024-02-13 05:05:25.573000+00:00,0,3,3225259367,173
2925572,2024-02-13 05:06:00.977000+00:00,0,0,364000000,34
2925573,2024-02-13 05:06:01.847000+00:00,-3,-3,-3,-3
2925574,2024-02-13 05:06:05.528000+00:00,-3,-3,-3,-3
2925575,2024-02-13 05:06:00.977000+00:00,0,0,364000000,34
2925576,2024-02-13 05:06:16.410000+00:00,-3,-3,-3,-3
2925577,2024-02-13 05:06:37.581000+00:00,0,0,364000000,34
2925578,2024-02-13 05:06:37.581000+00:00,0,0,364000000,34
2925579,2024-02-13 05:07:07.203000+00:00,-3,-3,-3,-3
2925580,2024-02-13 05:07:10.082000+00:00,-3,-3,-3,-3
2925581,2024-02-13 05:07:30.791000+00:00,-3,-3,-3,-3
2925582,2024-02-13 05:07:41.594000+00:00,0,6,11528774954,309
2925583,2024-02-13 05:07:48.546000+00:00,0,0,-1,71
2925584,2024-02-13 05:07:50.628000+00:00,-3,-3,-3,-3
2925585,2024-02-13 05:07:41.594000+00:00,0,6,11528774954,309
2925586,2024-02-13 05:07:48.546000+00:00,0,0,-1,71
2925587,2024-02-13 05:08:22.709000+00:00,0,4,4348396530,159
2925588,2024-02-13 05:08:31.931000+00:00,0,2,0,934
2925589,2024-02-13 05:08:33.106000+00:00,-3,-3,-3,-3
2925590,2024-02-13 05:08:31.931000+00:00,0,2,0,934
2925591,2024-02-13 05:08:44.817000+00:00,-3,-3,-3,-3
2925592,2024-02-13 05:08:45.807000+00:00,-3,-3,-3,-3
2925593,2024-02-13 05:08:57.660000+00:00,0,2,0,934
2925594,2024-02-13 05:08:59.148000+00:00,-3,-3,-3,-3
2925595,2024-02-13 05:08:57.660000+00:00,0,2,0,934
2925596,2024-02-13 05:09:13.171000+00:00,-3,-3,-3,-3
2925597,2024-02-13 05:09:17.713000+00:00,0,0,456374022,186
2925598,2024-02-13 05:09:24.496000+00:00,-3,-3,-3,-3
2925599,2024-02-13 05:09:34.385000+00:00,-3,-3,-3,-3
2925600,2024-02-13 05:09:17.713000+00:00,0,0,456374022,186
2925601,2024-02-13 05:09:36.109000+00:00,-3,-3,-3,-3
2925602,2024-02-13 05:08:22.709000+00:00,0,4,4348396530,159
2925603,2024-02-13 05:09:58.388000+00:00,0,0,456374022,186
2925604,2024-02-13 05:09:59.448000+00:00,-3,-3,-3,-3
2925605,2024-02-13 05:10:05.943000+00:00,0,0,11013249426,54
2925606,2024-02-13 05:09:58.388000+00:00,0,0,456374022,186
2925607,2024-02-13 05:10:05.943000+00:00,0,0,11013249426,54
2925608,2024-02-13 05:10:40.902000+00:00,-3,-3,-3,-3
2925609,2024-02-13 05:10:47.002000+00:00,-3,-3,-3,-3
2925610,2024-02-13 05:10:40.902000+00:00,-3,-3,-3,-3
2925611,2024-02-13 05:10:58.163000+00:00,-3,-3,-3,-3
2925612,2024-02-13 05:11:20.316000+00:00,-3,-3,-3,-3
2925613,2024-02-13 05:11:20.316000+00:00,-3,-3,-3,-3
2925614,2024-02-13 05:13:39.766000+00:00,-3,-3,-3,-3
2925615,2024-02-13 05:14:21.241000+00:00,0,2,-1,-1
2925616,2024-02-13 05:14:27.978000+00:00,-3,-3,-3,-3
2925617,2024-02-13 05:14:21.241000+00:00,0,2,-1,-1
2925618,2024-02-13 05:14:38.642000+00:00,-3,-3,-3,-3
2925619,2024-02-13 05:14:49.380000+00:00,0,2,-1,-1
2925620,2024-02-13 05:14:49.380000+00:00,0,2,-1,-1
2925621,2024-02-13 05:15:24.782000+00:00,-3,-3,-3,-3
2925622,2024-02-13 05:15:45.322000+00:00,-3,-3,-3,-3
2925623,2024-02-13 05:15:56.390000+00:00,0,1,-1,-1
2925624,2024-02-13 05:16:01.522000+00:00,-3,-3,-3,-3
2925625,2024-02-13 05:15:56.390000+00:00,0,1,-1,-1
2925626,2024-02-13 05:16:12.825000+00:00,-3,-3,-3,-3
2925627,2024-02-13 05:16:16.917000+00:00,0,0,333333500,236
2925628,2024-02-13 05:16:22.952000+00:00,0,1,-1,-1
2925629,2024-02-13 05:16:16.917000+00:00,0,0,333333500,236
2925630,2024-02-13 05:16:22.952000+00:00,0,1,-1,-1
2925631,2024-02-13 05:16:39.544000+00:00,-3,-3,-3,-3
2925632,2024-02-13 05:17:20.966000+00:00,-3,-3,-3,-3
2925633,2024-02-13 05:17:26.425000+00:00,-3,-3,-3,-3
2925634,2024-02-13 05:17:20.966000+00:00,-3,-3,-3,-3
2925635,2024-02-13 05:17:37.288000+00:00,-3,-3,-3,-3
2925636,2024-02-13 05:17:48.255000+00:00,-3,-3,-3,-3
2925637,2024-02-13 05:17:48.906000+00:00,-3,-3,-3,-3
2925638,2024-02-13 05:17:49.143000+00:00,-3,-3,-3,-3
2925639,2024-02-13 05:17:48.255000+00:00,-3,-3,-3,-3
2925640,2024-02-13 05:18:20.297000+00:00,0,3,0,13
2925641,2024-02-13 05:18:24.802000+00:00,-3,-3,-3,-3
2925642,2024-02-13 05:18:25.777000+00:00,-3,-3,-3,-3
2925643,2024-02-13 05:18:31.076000+00:00,0,0,591134623,177
2925644,2024-02-13 05:18:20.297000+00:00,0,3,0,13
2925645,2024-02-13 05:18:36.051000+00:00,-3,-3,-3,-3
2925646,2024-02-13 05:18:38.060000+00:00,-3,-3,-3,-3
2925647,2024-02-13 05:18:31.076000+00:00,0,0,591134623,177
2925648,2024-02-13 05:18:49.577000+00:00,-3,-3,-3,-3
2925649,2024-02-13 05:18:50.196000+00:00,-3,-3,-3,-3
2925650,2024-02-13 05:18:57.176000+00:00,0,1,3369374993,50
2925651,2024-02-13 05:18:58.229000+00:00,0,3,0,13
2925652,2024-02-13 05:18:58.630000+00:00,-3,-3,-3,-3
2925653,2024-02-13 05:19:03.547000+00:00,0,0,591134623,177
2925654,2024-02-13 05:18:57.176000+00:00,0,1,3369374993,50
2925655,2024-02-13 05:18:58.229000+00:00,0,3,0,13
2925656,2024-02-13 05:19:10.014000+00:00,-3,-3,-3,-3
2925657,2024-02-13 05:19:03.547000+00:00,0,0,591134623,177
2925658,2024-02-13 05:19:20.620000+00:00,-3,-3,-3,-3
2925659,2024-02-13 05:19:20.692000+00:00,0,1,3369374993,50
2925660,2024-02-13 05:19:20.692000+00:00,0,1,3369374993,50
2925661,2024-02-13 05:19:31.785000+00:00,0,0,1947640089,15
2925662,2024-02-13 05:19:31.785000+00:00,0,0,1947640089,15
2925663,2024-02-13 05:19:55.544000+00:00,-3,-3,-3,-3
2925664,2024-02-13 05:20:12.437000+00:00,0,2,0,4
2925665,2024-02-13 05:20:22.589000+00:00,-3,-3,-3,-3
2925666,2024-02-13 05:20:27.076000+00:00,0,0,0,370
2925667,2024-02-13 05:20:32.133000+00:00,-3,-3,-3,-3
2925668,2024-02-13 05:20:12.437000+00:00,0,2,0,4
2925669,2024-02-13 05:20:38.749000+00:00,-3,-3,-3,-3
2925670,2024-02-13 05:20:27.076000+00:00,0,0,0,370
2925671,2024-02-13 05:20:44.029000+00:00,-3,-3,-3,-3
2925672,2024-02-13 05:20:50.336000+00:00,0,2,0,4
2925673,2024-02-13 05:20:57.585000+00:00,0,0,0,370
2925674,2024-02-13 05:20:59.942000+00:00,-3,-3,-3,-3
2925675,2024-02-13 05:20:50.336000+00:00,0,2,0,4
2925676,2024-02-13 05:20:57.585000+00:00,0,0,0,370
2925677,2024-02-13 05:21:12.622000+00:00,-3,-3,-3,-3
2925678,2024-02-13 05:21:34.290000+00:00,-3,-3,-3,-3
2925679,2024-02-13 05:21:55.160000+00:00,0,2,0,934
2925680,2024-02-13 05:21:55.160000+00:00,0,2,0,934
2925681,2024-02-13 05:22:22.495000+00:00,-3,-3,-3,-3
2925682,2024-02-13 05:23:20.405000+00:00,-3,-3,-3,-3
2925683,2024-02-13 05:23:20.583000+00:00,-3,-3,-3,-3
2925684,2024-02-13 05:23:31.018000+00:00,0,0,591134623,177
2925685,2024-02-13 05:23:38.791000+00:00,-3,-3,-3,-3
2925686,2024-02-13 05:23:31.018000+00:00,0,0,591134623,177
2925687,2024-02-13 05:24:02.142000+00:00,0,2,-1,82
2925688,2024-02-13 05:24:05.611000+00:00,-3,-3,-3,-3
2925689,2024-02-13 05:24:09.150000+00:00,-3,-3,-3,-3
2925690,2024-02-13 05:24:10.303000+00:00,-3,-3,-3,-3
2925691,2024-02-13 05:24:19.128000+00:00,-3,-3,-3,-3
2925692,2024-02-13 05:24:02.142000+00:00,0,2,-1,82
2925693,2024-02-13 05:24:21.224000+00:00,-3,-3,-3,-3
2925694,2024-02-13 05:24:10.303000+00:00,-3,-3,-3,-3
2925695,2024-02-13 05:24:29.737000+00:00,-3,-3,-3,-3
2925696,2024-02-13 05:24:33.318000+00:00,0,2,-1,82
2925697,2024-02-13 05:24:35.334000+00:00,-3,-3,-3,-3
2925698,2024-02-13 05:24:41.077000+00:00,-3,-3,-3,-3
2925699,2024-02-13 05:24:33.318000+00:00,0,2,-1,82
2925700,2024-02-13 05:24:47.667000+00:00,-3,-3,-3,-3
2925701,2024-02-13 05:24:41.077000+00:00,-3,-3,-3,-3
2925702,2024-02-13 05:25:12.579000+00:00,-3,-3,-3,-3
2925703,2024-02-13 05:25:15.262000+00:00,-3,-3,-3,-3
2925704,2024-02-13 05:25:44.739000+00:00,0,0,-1,357
2925705,2024-02-13 05:25:45.156000+00:00,-3,-3,-3,-3
2925706,2024-02-13 05:25:46.787000+00:00,0,2,1162641874,27
2925707,2024-02-13 05:25:50.286000+00:00,-3,-3,-3,-3
2925708,2024-02-13 05:25:59.706000+00:00,-3,-3,-3,-3
2925709,2024-02-13 05:25:44.739000+00:00,0,0,-1,357
2925710,2024-02-13 05:26:01.789000+00:00,-3,-3,-3,-3
2925711,2024-02-13 05:25:46.787000+00:00,0,2,1162641874,27
2925712,2024-02-13 05:26:17.284000+00:00,-3,-3,-3,-3
2925713,2024-02-13 05:26:23.765000+00:00,0,0,-1,357
2925714,2024-02-13 05:26:17.284000+00:00,-3,-3,-3,-3
2925715,2024-02-13 05:26:33.288000+00:00,-3,-3,-3,-3
2925716,2024-02-13 05:26:23.765000+00:00,0,0,-1,357
2925717,2024-02-13 05:26:41.208000+00:00,0,2,1361270216,421
2925718,2024-02-13 05:26:46.822000+00:00,-3,-3,-3,-3
2925719,2024-02-13 05:26:41.208000+00:00,0,2,1361270216,421
2925720,2024-02-13 05:27:04.741000+00:00,0,2,-1,-1
2925721,2024-02-13 05:27:11.145000+00:00,-3,-3,-3,-3
2925722,2024-02-13 05:27:04.741000+00:00,0,2,-1,-1
2925723,2024-02-13 05:27:22.538000+00:00,-3,-3,-3,-3
2925724,2024-02-13 05:27:34.639000+00:00,0,2,-1,-1
2925725,2024-02-13 05:27:38.744000+00:00,0,2,0,4
2925726,2024-02-13 05:27:41.686000+00:00,-3,-3,-3,-3
2925727,2024-02-13 05:27:41.786000+00:00,-3,-3,-3,-3
2925728,2024-02-13 05:27:42.915000+00:00,-3,-3,-3,-3
2925729,2024-02-13 05:27:44.432000+00:00,-3,-3,-3,-3
2925730,2024-02-13 05:27:34.639000+00:00,0,2,-1,-1
2925731,2024-02-13 05:27:38.744000+00:00,0,2,0,4
2925732,2024-02-13 05:27:56.034000+00:00,-3,-3,-3,-3
2925733,2024-02-13 05:27:59.867000+00:00,-3,-3,-3,-3
2925734,2024-02-13 05:28:10.386000+00:00,0,2,0,4
2925735,2024-02-13 05:28:13.166000+00:00,-3,-3,-3,-3
2925736,2024-02-13 05:28:14.420000+00:00,0,1,-1,-1
2925737,2024-02-13 05:28:19.986000+00:00,-3,-3,-3,-3
2925738,2024-02-13 05:28:23.518000+00:00,0,0,4491314039,56
2925739,2024-02-13 05:28:10.386000+00:00,0,2,0,4
2925740,2024-02-13 05:28:28.169000+00:00,0,0,1469998800,15
2925741,2024-02-13 05:28:13.166000+00:00,-3,-3,-3,-3
2925742,2024-02-13 05:28:31.463000+00:00,-3,-3,-3,-3
2925743,2024-02-13 05:28:32.317000+00:00,-3,-3,-3,-3
2925744,2024-02-13 05:28:14.420000+00:00,0,1,-1,-1
2925745,2024-02-13 05:28:44.832000+00:00,-3,-3,-3,-3
2925746,2024-02-13 05:28:23.518000+00:00,0,0,4491314039,56
2925747,2024-02-13 05:28:28.169000+00:00,0,0,1469998800,15
2925748,2024-02-13 05:28:53.024000+00:00,-3,-3,-3,-3
2925749,2024-02-13 05:28:44.832000+00:00,-3,-3,-3,-3
2925750,2024-02-13 05:29:03.815000+00:00,0,2,707319423,223
2925751,2024-02-13 05:29:14.940000+00:00,-3,-3,-3,-3
2925752,2024-02-13 05:29:18.463000+00:00,-3,-3,-3,-3
2925753,2024-02-13 05:29:03.815000+00:00,0,2,707319423,223
2925754,2024-02-13 05:29:27.722000+00:00,-3,-3,-3,-3
2925755,2024-02-13 05:29:40.077000+00:00,0,2,707319423,223
2925756,2024-02-13 05:29:53.023000+00:00,-3,-3,-3,-3
2925757,2024-02-13 05:29:40.077000+00:00,0,2,707319423,223
2925758,2024-02-13 05:29:54.284000+00:00,-3,-3,-3,-3
2925759,2024-02-13 05:29:59.943000+00:00,0,2,-1,-1
2925760,2024-02-13 05:30:04.819000+00:00,-3,-3,-3,-3
2925761,2024-02-13 05:30:07.727000+00:00,-3,-3,-3,-3
2925762,2024-02-13 05:29:59.943000+00:00,0,2,-1,-1
2925763,2024-02-13 05:30:16.566000+00:00,-3,-3,-3,-3
2925764,2024-02-13 05:30:24.728000+00:00,0,3,0,0
2925765,2024-02-13 05:30:25.550000+00:00,0,2,-1,-1
2925766,2024-02-13 05:30:25.846000+00:00,-3,-3,-3,-3
2925767,2024-02-13 05:30:28.283000+00:00,0,2,-1,-1
2925768,2024-02-13 05:30:33.873000+00:00,-3,-3,-3,-3
2925769,2024-02-13 05:30:24.728000+00:00,0,3,0,0
2925770,2024-02-13 05:30:36.942000+00:00,-3,-3,-3,-3
2925771,2024-02-13 05:30:28.283000+00:00,0,2,-1,-1
2925772,2024-02-13 05:30:39.245000+00:00,0,3,0,1700
2925773,2024-02-13 05:30:25.550000+00:00,0,2,-1,-1
2925774,2024-02-13 05:30:44.863000+00:00,-3,-3,-3,-3
2925775,2024-02-13 05:30:45.861000+00:00,-3,-3,-3,-3
2925776,2024-02-13 05:30:48.869000+00:00,0,3,0,0
2925777,2024-02-13 05:30:50.559000+00:00,-3,-3,-3,-3
2925778,2024-02-13 05:30:51.861000+00:00,-3,-3,-3,-3
2925779,2024-02-13 05:30:39.245000+00:00,0,3,0,1700
2925780,2024-02-13 05:30:58.146000+00:00,-3,-3,-3,-3
2925781,2024-02-13 05:30:48.869000+00:00,0,3,0,0
2925782,2024-02-13 05:31:03.223000+00:00,-3,-3,-3,-3
2925783,2024-02-13 05:31:06.422000+00:00,0,2,-1,-1
2925784,2024-02-13 05:31:08.976000+00:00,-3,-3,-3,-3
2925785,2024-02-13 05:31:09.444000+00:00,0,3,0,1700
2925786,2024-02-13 05:31:06.422000+00:00,0,2,-1,-1
2925787,2024-02-13 05:31:09.444000+00:00,0,3,0,1700
2925788,2024-02-13 05:31:23.896000+00:00,0,0,-1,299
2925789,2024-02-13 05:31:29.650000+00:00,-3,-3,-3,-3
2925790,2024-02-13 05:31:23.896000+00:00,0,0,-1,299
2925791,2024-02-13 05:31:40.797000+00:00,-3,-3,-3,-3
2925792,2024-02-13 05:31:50.507000+00:00,0,0,-1,51
2925793,2024-02-13 05:31:52.059000+00:00,0,0,-1,299
2925794,2024-02-13 05:31:54.163000+00:00,-3,-3,-3,-3
2925795,2024-02-13 05:31:52.059000+00:00,0,0,-1,299
2925796,2024-02-13 05:31:50.507000+00:00,0,0,-1,51
2925797,2024-02-13 05:32:04.984000+00:00,-3,-3,-3,-3
2925798,2024-02-13 05:32:22.388000+00:00,-3,-3,-3,-3
2925799,2024-02-13 05:32:24.984000+00:00,-3,-3,-3,-3
2925800,2024-02-13 05:32:29.438000+00:00,0,0,-1,51
2925801,2024-02-13 05:32:29.438000+00:00,0,0,-1,51
2925802,2024-02-13 05:32:53.811000+00:00,0,1,-1,-1
2925803,2024-02-13 05:32:56.344000+00:00,-3,-3,-3,-3
2925804,2024-02-13 05:32:57.149000+00:00,-3,-3,-3,-3
2925805,2024-02-13 05:33:02.749000+00:00,-3,-3,-3,-3
2925806,2024-02-13 05:32:53.811000+00:00,0,1,-1,-1
2925807,2024-02-13 05:33:08.175000+00:00,-3,-3,-3,-3
2925808,2024-02-13 05:32:56.344000+00:00,-3,-3,-3,-3
2925809,2024-02-13 05:33:13.711000+00:00,-3,-3,-3,-3
2925810,2024-02-13 05:33:31.707000+00:00,0,1,-1,-1
2925811,2024-02-13 05:33:37.831000+00:00,-3,-3,-3,-3
2925812,2024-02-13 05:33:31.707000+00:00,0,1,-1,-1
2925813,2024-02-13 05:33:37.831000+00:00,-3,-3,-3,-3
2925814,2024-02-13 05:34:07.378000+00:00,-3,-3,-3,-3
2925815,2024-02-13 05:34:16.822000+00:00,-3,-3,-3,-3
2925816,2024-02-13 05:34:47.759000+00:00,-3,-3,-3,-3
2925817,2024-02-13 05:34:48.761000+00:00,0,1,1121317,70
2925818,2024-02-13 05:34:53.499000+00:00,-3,-3,-3,-3
2925819,2024-02-13 05:34:58.129000+00:00,-3,-3,-3,-3
2925820,2024-02-13 05:34:48.761000+00:00,0,1,1121317,70
2925821,2024-02-13 05:35:04.155000+00:00,-3,-3,-3,-3
2925822,2024-02-13 05:35:04.664000+00:00,-3,-3,-3,-3
2925823,2024-02-13 05:34:58.129000+00:00,-3,-3,-3,-3
2925824,2024-02-13 05:35:15.098000+00:00,-3,-3,-3,-3
2925825,2024-02-13 05:35:28.151000+00:00,-3,-3,-3,-3
2925826,2024-02-13 05:35:28.167000+00:00,-3,-3,-3,-3
2925827,2024-02-13 05:35:28.775000+00:00,0,1,1121317,70
2925828,2024-02-13 05:35:29.548000+00:00,-3,-3,-3,-3
2925829,2024-02-13 05:35:32.271000+00:00,-3,-3,-3,-3
2925830,2024-02-13 05:35:28.775000+00:00,0,1,1121317,70
2925831,2024-02-13 05:35:39.248000+00:00,-3,-3,-3,-3
2925832,2024-02-13 05:35:29.548000+00:00,-3,-3,-3,-3
2925833,2024-02-13 05:35:43.149000+00:00,-3,-3,-3,-3
2925834,2024-02-13 05:35:39.248000+00:00,-3,-3,-3,-3
2925835,2024-02-13 05:35:54.350000+00:00,-3,-3,-3,-3
2925836,2024-02-13 05:35:57.485000+00:00,-3,-3,-3,-3
2925837,2024-02-13 05:35:54.350000+00:00,-3,-3,-3,-3
2925838,2024-02-13 05:36:09.661000+00:00,0,2,953687751,74
2925839,2024-02-13 05:36:09.672000+00:00,0,0,426275198,139
2925840,2024-02-13 05:36:15.836000+00:00,-3,-3,-3,-3
2925841,2024-02-13 05:36:09.672000+00:00,0,0,426275198,139
2925842,2024-02-13 05:36:09.661000+00:00,0,2,953687751,74
2925843,2024-02-13 05:36:28.514000+00:00,-3,-3,-3,-3
2925844,2024-02-13 05:36:38.904000+00:00,0,1,1148778676,54
2925845,2024-02-13 05:36:43.615000+00:00,0,2,953687751,74
2925846,2024-02-13 05:36:44.307000+00:00,-3,-3,-3,-3
2925847,2024-02-13 05:36:38.904000+00:00,0,1,1148778676,54
2925848,2024-02-13 05:36:43.615000+00:00,0,2,953687751,74
2925849,2024-02-13 05:36:56.341000+00:00,-3,-3,-3,-3
2925850,2024-02-13 05:36:59.058000+00:00,-3,-3,-3,-3
2925851,2024-02-13 05:37:08.694000+00:00,0,1,1148778676,54
2925852,2024-02-13 05:37:11.494000+00:00,-3,-3,-3,-3
2925853,2024-02-13 05:37:08.694000+00:00,0,1,1148778676,54
2925854,2024-02-13 05:37:40.622000+00:00,0,1,250000000,84
2925855,2024-02-13 05:37:43.505000+00:00,-3,-3,-3,-3
2925856,2024-02-13 05:37:40.622000+00:00,0,1,250000000,84
2925857,2024-02-13 05:37:54.784000+00:00,-3,-3,-3,-3
2925858,2024-02-13 05:38:18.602000+00:00,0,1,250000000,84
2925859,2024-02-13 05:38:20.648000+00:00,-3,-3,-3,-3
2925860,2024-02-13 05:38:18.602000+00:00,0,1,250000000,84
2925861,2024-02-13 05:39:08.634000+00:00,-3,-3,-3,-3
2925862,2024-02-13 05:39:25.970000+00:00,-3,-3,-3,-3
2925863,2024-02-13 05:39:40.072000+00:00,-3,-3,-3,-3
2925864,2024-02-13 05:39:44.543000+00:00,-3,-3,-3,-3
2925865,2024-02-13 05:39:47.195000+00:00,-3,-3,-3,-3
2925866,2024-02-13 05:39:47.208000+00:00,-3,-3,-3,-3
2925867,2024-02-13 05:39:40.072000+00:00,-3,-3,-3,-3
2925868,2024-02-13 05:39:56.679000+00:00,-3,-3,-3,-3
2925869,2024-02-13 05:39:57.399000+00:00,0,0,32700000000,13
2925870,2024-02-13 05:40:07.629000+00:00,-3,-3,-3,-3
2925871,2024-02-13 05:40:12.294000+00:00,-3,-3,-3,-3
2925872,2024-02-13 05:39:57.399000+00:00,0,0,32700000000,13
2925873,2024-02-13 05:40:20.702000+00:00,-3,-3,-3,-3
2925874,2024-02-13 05:40:28.526000+00:00,0,0,0,370
2925875,2024-02-13 05:40:30.287000+00:00,0,1,0,1
2925876,2024-02-13 05:40:30.312000+00:00,0,0,-1,187
2925877,2024-02-13 05:40:20.702000+00:00,-3,-3,-3,-3
2925878,2024-02-13 05:40:36.478000+00:00,-3,-3,-3,-3
2925879,2024-02-13 05:40:28.526000+00:00,0,0,0,370
2925880,2024-02-13 05:40:43.713000+00:00,-3,-3,-3,-3
2925881,2024-02-13 05:40:30.287000+00:00,0,1,0,1
2925882,2024-02-13 05:40:30.312000+00:00,0,0,-1,187
2925883,2024-02-13 05:40:47.751000+00:00,-3,-3,-3,-3
2925884,2024-02-13 05:40:47.865000+00:00,-3,-3,-3,-3
2925885,2024-02-13 05:40:50.022000+00:00,-3,-3,-3,-3
2925886,2024-02-13 05:40:57.528000+00:00,-3,-3,-3,-3
2925887,2024-02-13 05:40:58.650000+00:00,0,1,0,1
2925888,2024-02-13 05:40:43.713000+00:00,-3,-3,-3,-3
2925889,2024-02-13 05:41:00.652000+00:00,-3,-3,-3,-3
2925890,2024-02-13 05:40:58.650000+00:00,0,1,0,1
2925891,2024-02-13 05:41:19.831000+00:00,-3,-3,-3,-3
2925892,2024-02-13 05:41:25.260000+00:00,-3,-3,-3,-3
2925893,2024-02-13 05:41:30.521000+00:00,0,6,-1,4
2925894,2024-02-13 05:41:25.260000+00:00,-3,-3,-3,-3
2925895,2024-02-13 05:41:37.195000+00:00,-3,-3,-3,-3
2925896,2024-02-13 05:41:39.703000+00:00,-3,-3,-3,-3
2925897,2024-02-13 05:41:30.521000+00:00,0,6,-1,4
2925898,2024-02-13 05:41:55.775000+00:00,-3,-3,-3,-3
2925899,2024-02-13 05:42:00.520000+00:00,0,3,0,0
2925900,2024-02-13 05:42:01.215000+00:00,0,0,1483485809,294
2925901,2024-02-13 05:42:07.558000+00:00,0,6,-1,4
2925902,2024-02-13 05:42:00.520000+00:00,0,3,0,0
2925903,2024-02-13 05:42:07.558000+00:00,0,6,-1,4
2925904,2024-02-13 05:42:01.215000+00:00,0,0,1483485809,294
2925905,2024-02-13 05:42:30.262000+00:00,-3,-3,-3,-3
2925906,2024-02-13 05:42:33.202000+00:00,-3,-3,-3,-3
2925907,2024-02-13 05:43:04.731000+00:00,0,1,0,1330
2925908,2024-02-13 05:43:12.550000+00:00,-3,-3,-3,-3
2925909,2024-02-13 05:43:21.082000+00:00,-3,-3,-3,-3
2925910,2024-02-13 05:43:21.324000+00:00,-3,-3,-3,-3
2925911,2024-02-13 05:43:04.731000+00:00,0,1,0,1330
2925912,2024-02-13 05:43:22.748000+00:00,-3,-3,-3,-3
2925913,2024-02-13 05:43:24.233000+00:00,-3,-3,-3,-3
2925914,2024-02-13 05:43:29.909000+00:00,-3,-3,-3,-3
2925915,2024-02-13 05:43:32.060000+00:00,-3,-3,-3,-3
2925916,2024-02-13 05:43:35.211000+00:00,-3,-3,-3,-3
2925917,2024-02-13 05:43:41.556000+00:00,0,1,0,1330
2925918,2024-02-13 05:43:44.564000+00:00,-3,-3,-3,-3
2925919,2024-02-13 05:43:52.547000+00:00,0,0,-1,122
2925920,2024-02-13 05:43:54.079000+00:00,-3,-3,-3,-3
2925921,2024-02-13 05:43:41.556000+00:00,0,1,0,1330
2925922,2024-02-13 05:43:59.149000+00:00,-3,-3,-3,-3
2925923,2024-02-13 05:43:59.364000+00:00,-3,-3,-3,-3
2925924,2024-02-13 05:44:06.645000+00:00,0,0,0,1357
2925925,2024-02-13 05:43:52.547000+00:00,0,0,-1,122
2925926,2024-02-13 05:43:54.079000+00:00,-3,-3,-3,-3
2925927,2024-02-13 05:44:09.923000+00:00,-3,-3,-3,-3
2925928,2024-02-13 05:44:11.658000+00:00,0,0,3281945205,151
2925929,2024-02-13 05:44:12.764000+00:00,0,0,0,195
2925930,2024-02-13 05:44:13.328000+00:00,-3,-3,-3,-3
2925931,2024-02-13 05:44:21.629000+00:00,-3,-3,-3,-3
2925932,2024-02-13 05:44:22.744000+00:00,-3,-3,-3,-3
2925933,2024-02-13 05:44:22.868000+00:00,-3,-3,-3,-3
2925934,2024-02-13 05:44:06.645000+00:00,0,0,0,1357
2925935,2024-02-13 05:44:23.559000+00:00,0,1,491809096,118
2925936,2024-02-13 05:44:24.701000+00:00,-3,-3,-3,-3
2925937,2024-02-13 05:44:12.764000+00:00,0,0,0,195
2925938,2024-02-13 05:44:31.284000+00:00,-3,-3,-3,-3
2925939,2024-02-13 05:44:11.658000+00:00,0,0,3281945205,151
2925940,2024-02-13 05:44:21.629000+00:00,-3,-3,-3,-3
2925941,2024-02-13 05:44:33.747000+00:00,-3,-3,-3,-3
2925942,2024-02-13 05:44:34.186000+00:00,-3,-3,-3,-3
2925943,2024-02-13 05:44:37.477000+00:00,0,0,0,1357
2925944,2024-02-13 05:44:23.559000+00:00,0,1,491809096,118
2925945,2024-02-13 05:44:37.477000+00:00,0,0,0,1357
2925946,2024-02-13 05:44:50.151000+00:00,-3,-3,-3,-3
2925947,2024-02-13 05:44:54.247000+00:00,0,0,3281945205,151
2925948,2024-02-13 05:45:02.666000+00:00,0,1,-1,-1
2925949,2024-02-13 05:44:54.247000+00:00,0,0,3281945205,151
2925950,2024-02-13 05:45:07.161000+00:00,-3,-3,-3,-3
2925951,2024-02-13 05:45:02.666000+00:00,0,1,-1,-1
2925952,2024-02-13 05:45:17.965000+00:00,-3,-3,-3,-3
2925953,2024-02-13 05:45:31.940000+00:00,0,0,3319227081,71
2925954,2024-02-13 05:45:31.940000+00:00,0,0,3319227081,71
2925955,2024-02-13 05:46:08.928000+00:00,0,1,-1,-1
2925956,2024-02-13 05:46:08.928000+00:00,0,1,-1,-1
2925957,2024-02-13 05:46:35.477000+00:00,-3,-3,-3,-3
2925958,2024-02-13 05:46:38.967000+00:00,-3,-3,-3,-3
2925959,2024-02-13 05:46:51.901000+00:00,-3,-3,-3,-3
2925960,2024-02-13 05:47:07.460000+00:00,0,0,4681739639,88
2925961,2024-02-13 05:47:20.547000+00:00,0,0,1923205715,168
2925962,2024-02-13 05:47:23.616000+00:00,0,1,10435758829,172
2925963,2024-02-13 05:47:26.181000+00:00,-3,-3,-3,-3
2925964,2024-02-13 05:47:27.494000+00:00,-3,-3,-3,-3
2925965,2024-02-13 05:47:07.460000+00:00,0,0,4681739639,88
2925966,2024-02-13 05:47:20.547000+00:00,0,0,1923205715,168
2925967,2024-02-13 05:47:23.616000+00:00,0,1,10435758829,172
2925968,2024-02-13 05:47:38.880000+00:00,-3,-3,-3,-3
2925969,2024-02-13 05:47:39.325000+00:00,-3,-3,-3,-3
2925970,2024-02-13 05:47:49.331000+00:00,-3,-3,-3,-3
2925971,2024-02-13 05:47:50.052000+00:00,0,1,10435758829,172
2925972,2024-02-13 05:47:51.398000+00:00,0,0,1923205715,168
2925973,2024-02-13 05:47:50.052000+00:00,0,1,10435758829,172
2925974,2024-02-13 05:47:51.398000+00:00,0,0,1923205715,168
2925975,2024-02-13 05:48:30.987000+00:00,0,0,-1,-1
2925976,2024-02-13 05:48:37+00:00,-3,-3,-3,-3
2925977,2024-02-13 05:48:30.987000+00:00,0,0,-1,-1
2925978,2024-02-13 05:48:47.520000+00:00,-3,-3,-3,-3
2925979,2024-02-13 05:48:58.876000+00:00,-3,-3,-3,-3
2925980,2024-02-13 05:49:10.761000+00:00,0,0,-1,-1
2925981,2024-02-13 05:49:10.761000+00:00,0,0,-1,-1
2925982,2024-02-13 05:49:30.407000+00:00,0,0,0,992
2925983,2024-02-13 05:49:35.448000+00:00,-3,-3,-3,-3
2925984,2024-02-13 05:49:30.407000+00:00,0,0,0,992
2925985,2024-02-13 05:49:47.209000+00:00,-3,-3,-3,-3
2925986,2024-02-13 05:49:58.839000+00:00,0,0,0,992
2925987,2024-02-13 05:50:00.865000+00:00,-3,-3,-3,-3
2925988,2024-02-13 05:49:58.839000+00:00,0,0,0,992
2925989,2024-02-13 05:50:15.293000+00:00,-3,-3,-3,-3
2925990,2024-02-13 05:50:34.981000+00:00,-3,-3,-3,-3
2925991,2024-02-13 05:51:09.368000+00:00,0,0,11942774100,95
2925992,2024-02-13 05:51:11.403000+00:00,-3,-3,-3,-3
2925993,2024-02-13 05:51:18.390000+00:00,-3,-3,-3,-3
2925994,2024-02-13 05:51:28.357000+00:00,-3,-3,-3,-3
2925995,2024-02-13 05:51:09.368000+00:00,0,0,11942774100,95
2925996,2024-02-13 05:51:34.517000+00:00,-3,-3,-3,-3
2925997,2024-02-13 05:51:42.925000+00:00,0,0,1494204,1023
2925998,2024-02-13 05:51:46.364000+00:00,0,0,11942774100,95
2925999,2024-02-13 05:51:42.925000+00:00,0,0,1494204,1023
2926000,2024-02-13 05:51:46.364000+00:00,0,0,11942774100,95
2926001,2024-02-13 05:52:09.786000+00:00,-3,-3,-3,-3
2926002,2024-02-13 05:52:15.963000+00:00,-3,-3,-3,-3
2926003,2024-02-13 05:52:22.149000+00:00,-3,-3,-3,-3
2926004,2024-02-13 05:52:09.786000+00:00,-3,-3,-3,-3
2926005,2024-02-13 05:52:27.063000+00:00,-3,-3,-3,-3
2926006,2024-02-13 05:52:38.435000+00:00,-3,-3,-3,-3
2926007,2024-02-13 05:52:38.435000+00:00,-3,-3,-3,-3
2926008,2024-02-13 05:52:53.760000+00:00,0,2,-1,-1
2926009,2024-02-13 05:52:54.568000+00:00,-3,-3,-3,-3
2926010,2024-02-13 05:52:53.760000+00:00,0,2,-1,-1
2926011,2024-02-13 05:53:05.130000+00:00,-3,-3,-3,-3
2926012,2024-02-13 05:53:17.284000+00:00,-3,-3,-3,-3
2926013,2024-02-13 05:53:26.749000+00:00,0,2,-1,-1
2926014,2024-02-13 05:53:26.749000+00:00,0,2,-1,-1
2926015,2024-02-13 05:53:54.634000+00:00,-3,-3,-3,-3
2926016,2024-02-13 05:53:58.793000+00:00,0,0,-1,187
2926017,2024-02-13 05:54:10.516000+00:00,-3,-3,-3,-3
2926018,2024-02-13 05:53:58.793000+00:00,0,0,-1,187
2926019,2024-02-13 05:54:26.194000+00:00,0,3,-1,378
2926020,2024-02-13 05:54:26.194000+00:00,0,3,-1,378
2926021,2024-02-13 05:54:42.028000+00:00,0,0,-1,147
2926022,2024-02-13 05:54:42.059000+00:00,-3,-3,-3,-3
2926023,2024-02-13 05:54:42.028000+00:00,0,0,-1,147
2926024,2024-02-13 05:55:13.643000+00:00,0,0,2655000001,68
2926025,2024-02-13 05:55:15.861000+00:00,-3,-3,-3,-3
2926026,2024-02-13 05:55:13.643000+00:00,0,0,2655000001,68
2926027,2024-02-13 05:55:45.956000+00:00,-3,-3,-3,-3
2926028,2024-02-13 05:55:47.604000+00:00,0,0,-1,-1
2926029,2024-02-13 05:55:47.604000+00:00,0,0,-1,-1
2926030,2024-02-13 05:56:10.877000+00:00,0,1,250000000,84
2926031,2024-02-13 05:56:14.788000+00:00,-3,-3,-3,-3
2926032,2024-02-13 05:56:10.877000+00:00,0,1,250000000,84
2926033,2024-02-13 05:56:35.945000+00:00,-3,-3,-3,-3
2926034,2024-02-13 05:56:36.930000+00:00,-3,-3,-3,-3
2926035,2024-02-13 05:56:41.187000+00:00,-3,-3,-3,-3
2926036,2024-02-13 05:56:42.853000+00:00,-3,-3,-3,-3
2926037,2024-02-13 05:56:46.312000+00:00,0,0,0,8
2926038,2024-02-13 05:56:52.078000+00:00,-3,-3,-3,-3
2926039,2024-02-13 05:56:46.312000+00:00,0,0,0,8
2926040,2024-02-13 05:57:05.242000+00:00,-3,-3,-3,-3
2926041,2024-02-13 05:57:07.503000+00:00,0,0,0,13
2926042,2024-02-13 05:57:11.923000+00:00,-3,-3,-3,-3
2926043,2024-02-13 05:57:12.578000+00:00,0,5,1046032985,48
2926044,2024-02-13 05:57:14.443000+00:00,0,0,0,1062
2926045,2024-02-13 05:57:17.144000+00:00,0,0,0,8
2926046,2024-02-13 05:57:19.458000+00:00,-3,-3,-3,-3
2926047,2024-02-13 05:57:20.258000+00:00,-3,-3,-3,-3
2926048,2024-02-13 05:57:07.503000+00:00,0,0,0,13
2926049,2024-02-13 05:57:23.202000+00:00,-3,-3,-3,-3
2926050,2024-02-13 05:57:23.543000+00:00,-3,-3,-3,-3
2926051,2024-02-13 05:57:12.578000+00:00,0,5,1046032985,48
2926052,2024-02-13 05:57:14.443000+00:00,0,0,0,1062
2926053,2024-02-13 05:57:17.144000+00:00,0,0,0,8
2926054,2024-02-13 05:57:32.805000+00:00,-3,-3,-3,-3
2926055,2024-02-13 05:57:34.908000+00:00,-3,-3,-3,-3
2926056,2024-02-13 05:57:35.231000+00:00,0,0,0,13
2926057,2024-02-13 05:57:36.791000+00:00,-3,-3,-3,-3
2926058,2024-02-13 05:57:44.524000+00:00,0,5,1046032985,48
2926059,2024-02-13 05:57:48.491000+00:00,-3,-3,-3,-3
2926060,2024-02-13 05:57:35.231000+00:00,0,0,0,13
2926061,2024-02-13 05:57:49.945000+00:00,-3,-3,-3,-3
2926062,2024-02-13 05:57:51.954000+00:00,-3,-3,-3,-3
2926063,2024-02-13 05:57:44.524000+00:00,0,5,1046032985,48
2926064,2024-02-13 05:58:04.132000+00:00,-3,-3,-3,-3
2926065,2024-02-13 05:58:07.693000+00:00,-3,-3,-3,-3
2926066,2024-02-13 05:58:15.374000+00:00,0,0,7269311925,1557
2926067,2024-02-13 05:58:21.526000+00:00,-3,-3,-3,-3
2926068,2024-02-13 05:58:23.049000+00:00,-3,-3,-3,-3
2926069,2024-02-13 05:58:23.326000+00:00,0,0,3055510510,15
2926070,2024-02-13 05:58:15.374000+00:00,0,0,7269311925,1557
2926071,2024-02-13 05:58:23.326000+00:00,0,0,3055510510,15
2926072,2024-02-13 05:58:49.357000+00:00,-3,-3,-3,-3
2926073,2024-02-13 05:58:55.118000+00:00,-3,-3,-3,-3
2926074,2024-02-13 05:59:03.138000+00:00,-3,-3,-3,-3
2926075,2024-02-13 05:59:04.569000+00:00,0,0,967499164,172
2926076,2024-02-13 05:58:49.357000+00:00,-3,-3,-3,-3
2926077,2024-02-13 05:59:05.777000+00:00,-3,-3,-3,-3
2926078,2024-02-13 05:59:09.575000+00:00,-3,-3,-3,-3
2926079,2024-02-13 05:59:16.868000+00:00,-3,-3,-3,-3
2926080,2024-02-13 05:59:03.138000+00:00,-3,-3,-3,-3
2926081,2024-02-13 05:59:04.569000+00:00,0,0,967499164,172
2926082,2024-02-13 05:59:20.535000+00:00,-3,-3,-3,-3
2926083,2024-02-13 05:59:25.468000+00:00,-3,-3,-3,-3
2926084,2024-02-13 05:59:16.868000+00:00,-3,-3,-3,-3
2926085,2024-02-13 05:59:40.321000+00:00,-3,-3,-3,-3
2926086,2024-02-13 05:59:42.541000+00:00,-3,-3,-3,-3
2926087,2024-02-13 05:59:42.541000+00:00,-3,-3,-3,-3
2926088,2024-02-13 05:59:57.230000+00:00,0,0,259607921,267
2926089,2024-02-13 05:59:57.230000+00:00,0,0,259607921,267
2926090,2024-02-13 06:00:22.025000+00:00,0,0,297334099,257
2926091,2024-02-13 06:00:27.035000+00:00,-3,-3,-3,-3
2926092,2024-02-13 06:00:22.025000+00:00,0,0,297334099,257
2926093,2024-02-13 06:00:38.495000+00:00,-3,-3,-3,-3
2926094,2024-02-13 06:00:51.515000+00:00,0,0,297334099,257
2926095,2024-02-13 06:00:53.030000+00:00,-3,-3,-3,-3
2926096,2024-02-13 06:00:51.515000+00:00,0,0,297334099,257
2926097,2024-02-13 06:01:05.106000+00:00,-3,-3,-3,-3
2926098,2024-02-13 06:01:15.958000+00:00,-3,-3,-3,-3
2926099,2024-02-13 06:01:43.661000+00:00,-3,-3,-3,-3
2926100,2024-02-13 06:01:44.591000+00:00,-3,-3,-3,-3
2926101,2024-02-13 06:01:47.495000+00:00,0,0,2845763433,146
2926102,2024-02-13 06:01:47.495000+00:00,0,0,2845763433,146
2926103,2024-02-13 06:02:12.230000+00:00,-3,-3,-3,-3
2926104,2024-02-13 06:02:15.113000+00:00,0,0,737240233,8
2926105,2024-02-13 06:02:15.791000+00:00,0,2,-1,-1
2926106,2024-02-13 06:02:20.188000+00:00,-3,-3,-3,-3
2926107,2024-02-13 06:02:15.791000+00:00,0,2,-1,-1
2926108,2024-02-13 06:02:30.622000+00:00,-3,-3,-3,-3
2926109,2024-02-13 06:02:15.113000+00:00,0,0,737240233,8
2926110,2024-02-13 06:02:33.237000+00:00,-3,-3,-3,-3
2926111,2024-02-13 06:02:33.452000+00:00,0,0,297334099,257
2926112,2024-02-13 06:02:40.394000+00:00,-3,-3,-3,-3
2926113,2024-02-13 06:02:42.656000+00:00,0,2,-1,-1
2926114,2024-02-13 06:02:33.452000+00:00,0,0,297334099,257
2926115,2024-02-13 06:02:43.786000+00:00,0,0,18187711912,817
2926116,2024-02-13 06:02:43.829000+00:00,-3,-3,-3,-3
2926117,2024-02-13 06:02:50.882000+00:00,0,0,0,13
2926118,2024-02-13 06:02:51.400000+00:00,-3,-3,-3,-3
2926119,2024-02-13 06:02:53.704000+00:00,-3,-3,-3,-3
2926120,2024-02-13 06:02:42.656000+00:00,0,2,-1,-1
2926121,2024-02-13 06:02:55.176000+00:00,-3,-3,-3,-3
2926122,2024-02-13 06:02:56.261000+00:00,-3,-3,-3,-3
2926123,2024-02-13 06:02:50.882000+00:00,0,0,0,13
2926124,2024-02-13 06:02:43.786000+00:00,0,0,18187711912,817
2926125,2024-02-13 06:03:03.145000+00:00,-3,-3,-3,-3
2926126,2024-02-13 06:03:04.853000+00:00,-3,-3,-3,-3
2926127,2024-02-13 06:03:13.839000+00:00,-3,-3,-3,-3
2926128,2024-02-13 06:03:17.932000+00:00,-3,-3,-3,-3
2926129,2024-02-13 06:03:19.138000+00:00,0,0,18187711912,817
2926130,2024-02-13 06:03:25.123000+00:00,-3,-3,-3,-3
2926131,2024-02-13 06:03:27.839000+00:00,-3,-3,-3,-3
2926132,2024-02-13 06:03:29.179000+00:00,-3,-3,-3,-3
2926133,2024-02-13 06:03:19.138000+00:00,0,0,18187711912,817
2926134,2024-02-13 06:03:34.403000+00:00,0,0,0,1359
2926135,2024-02-13 06:03:25.123000+00:00,-3,-3,-3,-3
2926136,2024-02-13 06:03:38.543000+00:00,-3,-3,-3,-3
2926137,2024-02-13 06:03:38.695000+00:00,-3,-3,-3,-3
2926138,2024-02-13 06:03:39.710000+00:00,0,5,1046032985,48
2926139,2024-02-13 06:03:34.403000+00:00,0,0,0,1359
2926140,2024-02-13 06:03:49.625000+00:00,-3,-3,-3,-3
2926141,2024-02-13 06:03:39.710000+00:00,0,5,1046032985,48
2926142,2024-02-13 06:03:54.056000+00:00,-3,-3,-3,-3
2926143,2024-02-13 06:03:59.048000+00:00,-3,-3,-3,-3
2926144,2024-02-13 06:03:59.460000+00:00,0,0,0,1639
2926145,2024-02-13 06:03:59.980000+00:00,-3,-3,-3,-3
2926146,2024-02-13 06:04:01.300000+00:00,0,0,0,1359
2926147,2024-02-13 06:04:03.579000+00:00,-3,-3,-3,-3
2926148,2024-02-13 06:04:04.769000+00:00,-3,-3,-3,-3
2926149,2024-02-13 06:04:07.101000+00:00,-3,-3,-3,-3
2926150,2024-02-13 06:03:59.980000+00:00,-3,-3,-3,-3
2926151,2024-02-13 06:04:01.300000+00:00,0,0,0,1359
2926152,2024-02-13 06:03:59.460000+00:00,0,0,0,1639
2926153,2024-02-13 06:04:15.989000+00:00,-3,-3,-3,-3
2926154,2024-02-13 06:04:16.038000+00:00,-3,-3,-3,-3
2926155,2024-02-13 06:04:25.377000+00:00,0,0,505555560,309
2926156,2024-02-13 06:04:29.153000+00:00,0,0,0,1639
2926157,2024-02-13 06:04:30.885000+00:00,-3,-3,-3,-3
2926158,2024-02-13 06:04:32.091000+00:00,-3,-3,-3,-3
2926159,2024-02-13 06:04:40.516000+00:00,0,1,-1,-1
2926160,2024-02-13 06:04:29.153000+00:00,0,0,0,1639
2926161,2024-02-13 06:04:25.377000+00:00,0,0,505555560,309
2926162,2024-02-13 06:04:42.708000+00:00,-3,-3,-3,-3
2926163,2024-02-13 06:04:43.111000+00:00,-3,-3,-3,-3
2926164,2024-02-13 06:04:45.183000+00:00,-3,-3,-3,-3
2926165,2024-02-13 06:04:53.623000+00:00,-3,-3,-3,-3
2926166,2024-02-13 06:04:54.827000+00:00,0,0,505555560,309
2926167,2024-02-13 06:04:40.516000+00:00,0,1,-1,-1
2926168,2024-02-13 06:04:56.113000+00:00,-3,-3,-3,-3
2926169,2024-02-13 06:04:56.569000+00:00,-3,-3,-3,-3
2926170,2024-02-13 06:04:54.827000+00:00,0,0,505555560,309
2926171,2024-02-13 06:05:09.883000+00:00,-3,-3,-3,-3
2926172,2024-02-13 06:05:18+00:00,0,1,-1,-1
2926173,2024-02-13 06:05:24.987000+00:00,0,0,-1,-1
2926174,2024-02-13 06:05:28.316000+00:00,-3,-3,-3,-3
2926175,2024-02-13 06:05:18+00:00,0,1,-1,-1
2926176,2024-02-13 06:05:33.511000+00:00,-3,-3,-3,-3
2926177,2024-02-13 06:05:24.987000+00:00,0,0,-1,-1
2926178,2024-02-13 06:05:39.365000+00:00,-3,-3,-3,-3
2926179,2024-02-13 06:06:00.071000+00:00,-3,-3,-3,-3
2926180,2024-02-13 06:06:01.101000+00:00,0,0,-1,-1
2926181,2024-02-13 06:06:10.451000+00:00,-3,-3,-3,-3
2926182,2024-02-13 06:06:10.693000+00:00,0,0,0,1359
2926183,2024-02-13 06:06:01.101000+00:00,0,0,-1,-1
2926184,2024-02-13 06:06:15.119000+00:00,0,2,1766563873,155
2926185,2024-02-13 06:06:10.693000+00:00,0,0,0,1359
2926186,2024-02-13 06:06:15.119000+00:00,0,2,1766563873,155
2926187,2024-02-13 06:06:33.068000+00:00,-3,-3,-3,-3
2926188,2024-02-13 06:06:35.049000+00:00,-3,-3,-3,-3
2926189,2024-02-13 06:06:41.451000+00:00,0,2,-1,-1
2926190,2024-02-13 06:06:49.205000+00:00,-3,-3,-3,-3
2926191,2024-02-13 06:06:41.451000+00:00,0,2,-1,-1
2926192,2024-02-13 06:07:00.067000+00:00,-3,-3,-3,-3
2926193,2024-02-13 06:07:04.529000+00:00,0,0,1930703189,49
2926194,2024-02-13 06:07:04.529000+00:00,0,0,1930703189,49
2926195,2024-02-13 06:07:21.736000+00:00,0,2,-1,-1
2926196,2024-02-13 06:07:21.736000+00:00,0,2,-1,-1
2926197,2024-02-13 06:08:55.556000+00:00,-3,-3,-3,-3
2926198,2024-02-13 06:09:22.836000+00:00,-3,-3,-3,-3
2926199,2024-02-13 06:09:26.994000+00:00,0,0,217320883,729
2926200,2024-02-13 06:09:31.020000+00:00,-3,-3,-3,-3
2926201,2024-02-13 06:09:26.994000+00:00,0,0,217320883,729
2926202,2024-02-13 06:09:42.309000+00:00,-3,-3,-3,-3
2926203,2024-02-13 06:09:42.929000+00:00,-3,-3,-3,-3
2926204,2024-02-13 06:09:48.104000+00:00,-3,-3,-3,-3
2926205,2024-02-13 06:09:54.210000+00:00,0,0,217320883,729
2926206,2024-02-13 06:09:54.306000+00:00,-3,-3,-3,-3
2926207,2024-02-13 06:09:55.661000+00:00,-3,-3,-3,-3
2926208,2024-02-13 06:09:57.024000+00:00,-3,-3,-3,-3
2926209,2024-02-13 06:10:00.403000+00:00,-3,-3,-3,-3
